数据年份,企业名称,营业总收入,资产总额,负债总额,纳税总额,主营业务收入,所有者权益,利润总额,净利润,平均净资产,平均资产总额,社保人数
2019,西安市临潼区美高美装饰工程有限公司,29,4,6,0,29,-1,1,1,--,--,--
2018,西安市临潼区美高美装饰工程有限公司,--,--,--,--,--,--,--,--,--,--,--
2017,西安市临潼区美高美装饰工程有限公司,--,--,--,--,--,--,--,--,--,--,--
2019,中纺院（天津）科技发展有限公司,5700,22100,14000,100,5700,8000,-900,-900,8500,23700,--
2018,中纺院（天津）科技发展有限公司,7200,25400,16300,0,7200,9100,-1200,-1200,9700,24900,100
2017,中纺院（天津）科技发展有限公司,3900,24400,14100,0,3900,10300,-1900,-1900,11200,23400,19
2019,内蒙古久泰新材料销售有限公司,353400,160100,140100,400,353400,19900,0,0,10400,133200,25
2018,内蒙古久泰新材料销售有限公司,133400,106400,105400,200,133400,900,-1,-5,900,53700,25
2017,内蒙古久泰新材料销售有限公司,0,1000,0,0,0,1000,0,0,--,--,--
2019,曲靖市商业银行股份有限公司,233900,5495900,4674000,16500,163400,821800,24000,21800,809800,4581100,400
2018,曲靖市商业银行股份有限公司,141700,3666400,2868600,23500,114000,797800,4800,1900,495000,3220400,300
2017,曲靖市商业银行股份有限公司,138700,2774400,2582100,17400,111900,192300,15900,9700,198700,2898300,300
2019,广州农村商业银行股份有限公司,1999000,79027800,72395700,425100,1995100,6632100,822700,662700,5903300,74907700,--
2018,广州农村商业银行股份有限公司,1810300,70787600,65613100,295100,1804000,5174400,786800,621100,5011100,72179500,--
2017,广州农村商业银行股份有限公司,1352700,73571400,68723600,324000,1348600,4847700,752600,589000,4198900,67697200,7000
2019,天津农村商业银行股份有限公司,1503900,30896700,28017800,150100,1484100,2878900,317000,241900,2663700,31304700,--
2018,天津农村商业银行股份有限公司,1452300,31712800,29264300,121100,1452100,2448400,314700,240400,2339300,30811700,--
2017,天津农村商业银行股份有限公司,1332100,29910600,27680400,134200,1331800,2230200,306000,235200,2171800,30143300,5800
2019,宜家家具配件（上海）有限公司,113500,37100,18600,2600,103700,18400,5400,3900,16500,35900,--
2018,宜家家具配件（上海）有限公司,116800,34700,20100,5200,106000,14500,4400,3200,12900,34400,100
2017,宜家家具配件（上海）有限公司,103300,34200,22900,2700,93500,11200,4800,3500,9500,33500,100
2019,南京春嘉工程塑料有限公司,18700,8800,7900,48,18700,800,2,1,800,8800,--
2018,南京春嘉工程塑料有限公司,20000,8800,7900,72,20000,900,0,0,4300,8700,2
2017,南京春嘉工程塑料有限公司,16500,8600,700,86,16500,1000,2,1,6200,6700,0
2019,青岛天安投资担保有限公司,0,19400,4600,0,0,14700,0,0,14700,19400,--
2018,青岛天安投资担保有限公司,0,19400,4600,0,0,14700,0,0,14700,19400,0
2017,青岛天安投资担保有限公司,0,19400,4600,0,0,14700,0,0,14700,19400,0
2019,宁波银行股份有限公司,3508100,0,121698000,344800,1956300,10073600,1521700,0,-112608500,0,17300
2018,宁波银行股份有限公司,2893000,0,103519000,480000,1912000,8122900,1149700,0,-100501300,0,13600
2017,宁波银行股份有限公司,2531400,0,97483600,377600,2531400,5720600,1016300,935500,-46239000,43645800,12100
2019,上海银行股份有限公司,4858300,220885000,203402000,886500,4856000,17482900,2188900,1994100,16738000,210582000,12200
2018,上海银行股份有限公司,4296400,200279000,184286000,652300,4284700,15992700,1876700,1768000,15291500,189487000,11400
2017,上海银行股份有限公司,3221200,178695000,164105000,350200,3208400,14590100,1581600,1511400,13032500,176275500,11100
2019,成都银行股份有限公司,1272500,55838600,52275600,198400,1261600,3563000,622700,555500,3345300,52533500,--
2018,成都银行股份有限公司,1159000,49228500,46100900,120500,1153800,3127600,508100,465300,2815000,46341200,5500
2017,成都银行股份有限公司,965400,43453900,40951500,143400,954900,2502400,464900,391200,2345700,39739600,5500
2019,湖南华容农村商业银行股份有限公司,43600,832400,794100,3200,43500,38300,4400,3300,36100,800700,300
2018,湖南华容农村商业银行股份有限公司,44500,769000,735000,1600,44500,34000,4800,3100,33600,791500,300
2017,湖南华容农村商业银行股份有限公司,25900,813900,780700,1100,14900,33200,4200,3100,32800,705500,300
2019,山东华鲁恒升化工股份有限公司,1419000,1818700,395600,5000,1419000,1423100,289600,245300,1314900,1842200,3700
2018,山东华鲁恒升化工股份有限公司,1435600,1865700,658900,8000,1414500,1206700,356500,301900,1067800,1733900,3600
2017,山东华鲁恒升化工股份有限公司,1041800,1602100,673200,55600,1028300,928900,143800,122200,872500,1461300,3500
2019,茂名实华东成化工有限公司,328200,100300,58100,2800,326900,42100,10100,8000,41300,90300,400
2018,茂名实华东成化工有限公司,--,80300,39800,1200,324700,40500,5400,4200,39700,79600,500
2017,茂名实华东成化工有限公司,--,78800,39800,3100,336100,38900,9100,7300,38600,68800,500
2019,广州威海数码科技有限公司,0,0,0,0,0,0,0,0,500,400,--
2018,广州威海数码科技有限公司,0,900,0,0,0,1000,0,0,900,900,0
2017,广州威海数码科技有限公司,200,900,0,0,200,900,-3,-3,900,900,0
2019,湖南江华农村商业银行股份有限公司,41300,912700,849400,9800,41100,63200,3000,0,63300,877600,200
2018,湖南江华农村商业银行股份有限公司,43000,842400,779100,4900,25800,63300,3300,0,63300,799600,200
2017,湖南江华农村商业银行股份有限公司,37200,756800,693400,7600,28500,63300,10400,4300,62900,732300,200
2019,广西柳城农村合作银行,33600,698500,641200,2200,26800,57300,4800,4000,54900,670100,200
2018,广西柳城农村合作银行,29300,641800,589100,1300,22900,52600,7200,5800,50400,610000,200
2017,广西柳城农村合作银行,26700,578300,530000,3200,25800,48200,6700,5000,46500,544400,200
2019,邯郸银行股份有限公司,1043800,16995000,16051400,24600,1040500,943600,92200,92200,883100,16458200,--
2018,邯郸银行股份有限公司,760300,15921400,15098800,25200,755700,822500,92600,87200,800500,15538900,1600
2017,邯郸银行股份有限公司,973000,15156500,14378100,43600,971000,778300,139300,117200,775100,14845600,1600
2019,珠海碧辟化工有限公司,1295900,754400,446800,34400,1295900,307500,41100,-1900,308500,810400,200
2018,珠海碧辟化工有限公司,--,866500,557000,26500,1379100,309400,58400,97800,130300,795600,200
2017,珠海碧辟化工有限公司,--,724600,773500,70100,1207100,-48800,-17400,-71900,--,--,0
2019,广东邦家租赁服务有限公司,--,--,--,--,--,--,--,--,--,--,--
2018,广东邦家租赁服务有限公司,--,--,--,--,--,--,--,--,--,--,--
2017,广东邦家租赁服务有限公司,--,--,--,--,--,--,--,--,--,--,--
2019,中国石油天然气股份有限公司西南化工销售分公司,2436200,--,--,14300,2436200,--,27200,27200,--,--,200
2018,中国石油天然气股份有限公司西南化工销售分公司,2215400,--,--,10400,2215400,--,17800,17800,--,--,200
2017,中国石油天然气股份有限公司西南化工销售分公司,2061400,--,--,19300,2061400,--,34100,34100,--,--,200
2019,安庆炼化曙光丁辛醇化工有限公司,129300,70400,27600,300,125100,42700,-7500,-7500,--,--,--
2018,安庆炼化曙光丁辛醇化工有限公司,--,--,--,--,--,--,--,--,--,--,0
2017,安庆炼化曙光丁辛醇化工有限公司,122700,83000,31000,49,122700,51900,-2800,-2800,53200,82300,0
2019,中国农业发展银行,8784700,710278000,692987000,2088800,8767900,17290300,2133300,1918800,16329000,697778000,53200
2018,中国农业发展银行,9072200,685278000,669911000,1462100,9052300,15366700,1952800,1811700,14463000,653634500,52800
2017,中国农业发展银行,8356600,621991000,608432000,1115100,8259200,13558700,1729900,1711700,12704500,591808500,53000
2019,重庆市协心科技有限公司,--,--,--,--,--,--,--,--,--,--,--
2018,重庆市协心科技有限公司,--,--,--,--,--,--,--,--,--,--,--
2017,重庆市协心科技有限公司,--,--,--,--,--,--,--,--,--,--,--
2019,滕州市振翔煤业有限公司,0,1600,900,0,0,700,0,0,700,1600,--
2018,滕州市振翔煤业有限公司,0,1600,900,0,0,700,0,0,700,1600,0
2017,滕州市振翔煤业有限公司,0,1600,900,0,0,700,0,0,700,1600,0
2019,湖南岳阳巴陵农村商业银行股份有限公司,25700,743400,674900,500,12600,68500,7,5,65700,681300,300
2018,湖南岳阳巴陵农村商业银行股份有限公司,32000,619200,556300,900,16200,62900,0,0,24300,648500,300
2017,湖南岳阳巴陵农村商业银行股份有限公司,22400,677700,691900,78,11800,-14200,4,4,-13200,547500,300
2019,中国银行股份有限公司,44517500,1977380000,1812000000,5248700,40273600,165388000,20576400,16576400,154910000,1915840000,5500
2018,中国银行股份有限公司,41630000,1854300000,1709860000,4591800,38713200,144443000,18840100,15946000,140095000,1785445000,5400
2017,中国银行股份有限公司,39382900,1716590000,1580840000,5988500,37098100,135743000,18101700,15147300,131825000,1657695000,5300
2019,上海戎谷水产有限公司,--,--,--,--,--,--,--,--,--,--,--
2018,上海戎谷水产有限公司,--,--,--,--,--,--,--,--,--,--,--
2017,上海戎谷水产有限公司,0,0,0,0,0,0,0,0,0,0,0
2019,英雄联盟（广州）科技有限公司,0,0,4,0,0,-4,-2,-2,-1,0,0
2018,英雄联盟（广州）科技有限公司,0,0,0,0,0,0,0,0,0,0,0
2017,英雄联盟（广州）科技有限公司,0,0,1,0,0,0,0,0,--,--,0
2019,遂宁银行股份有限公司,130900,4853600,4361800,16200,130600,491800,60400,44600,478100,5031300,--
2018,遂宁银行股份有限公司,114700,5208900,4744500,30300,114600,464400,57700,43700,448400,5552300,700
2017,遂宁银行股份有限公司,106400,5895700,5463200,19500,107900,432400,69900,52000,407000,4977900,700
2019,中国工商银行股份有限公司,74377100,2840480000,2584000000,11718900,74377100,256481000,37087100,29732500,240220000,2723435000,4200
2018,中国工商银行股份有限公司,69286300,2606390000,2382430000,10870500,69286300,223961000,35173300,28317900,214635000,2535135000,4200
2017,中国工商银行股份有限公司,64341600,2463880000,2258570000,10794300,64341600,205305000,34345700,27059200,197745000,2370940000,3900
2019,镇海石化工业贸易有限责任公司,237100,117900,109100,900,237100,8800,-3300,-2700,10800,110200,--
2018,镇海石化工业贸易有限责任公司,162400,102600,89700,26800,162400,12800,-1800,-1300,14300,121900,400
2017,镇海石化工业贸易有限责任公司,147100,141300,125500,1200,147100,15800,1900,2000,15400,120400,400
2019,广州银罗湾投资有限公司,0,0,0,0,0,0,0,0,0,0,--
2018,广州银罗湾投资有限公司,0,0,0,0,0,0,0,0,0,0,0
2017,广州银罗湾投资有限公司,0,0,0,0,--,0,0,0,0,1,0
2019,蚌埠农村商业银行股份有限公司,67400,1792000,1609800,9500,61600,182200,7300,600,181900,1506400,400
2018,蚌埠农村商业银行股份有限公司,42200,1220700,1038900,6700,39700,181700,5600,2700,148900,676800,400
2017,蚌埠农村商业银行股份有限公司,26400,133000,16800,9800,26100,116100,-100,-1600,113100,181500,400
2019,广东金豪投资开发有限公司,0,200,3,0,0,200,-2,-2,200,200,--
2018,广东金豪投资开发有限公司,2,200,0,0,2,200,0,0,200,200,0
2017,广东金豪投资开发有限公司,1,200,0,0,1,200,0,0,200,200,0
2019,安徽昊源化工集团有限公司,587000,754900,497900,16000,571200,257000,45400,43500,227100,709900,1900
2018,安徽昊源化工集团有限公司,620000,664900,467700,2600,604600,197200,57600,51900,174000,579600,1800
2017,安徽昊源化工集团有限公司,407800,494200,343400,200,397400,150800,20100,18500,144000,415800,2200
2019,广东仁化农村商业银行股份有限公司,19500,461600,407300,1900,18800,54300,6600,5100,52100,465100,100
2018,广东仁化农村商业银行股份有限公司,--,468500,418500,1900,20800,49900,6500,5000,40500,452000,100
2017,广东仁化农村商业银行股份有限公司,19000,435500,404500,1100,0,31000,1000,300,31000,409300,100
2019,南京金陵亨斯迈新材料有限责任公司,655800,516800,284200,28800,655600,232600,63100,46900,215500,535800,--
2018,南京金陵亨斯迈新材料有限责任公司,680600,554800,356400,15400,680400,198400,6000,44500,174200,557700,200
2017,南京金陵亨斯迈新材料有限责任公司,240400,560600,410500,900,240400,150000,-2600,-1000,149500,498600,200
2019,广州鹿山新材料股份有限公司,51600,63600,11700,1300,51300,51800,7300,6300,50000,64500,200
2018,广州鹿山新材料股份有限公司,48500,65400,17100,1000,48500,48600,5600,4800,45900,63500,200
2017,广州鹿山新材料股份有限公司,51600,61700,18100,1100,51500,43500,4600,4000,37000,53400,200
2019,赣州银行股份有限公司,758500,16941400,15736700,58900,528600,1204700,112300,94400,1067900,15294100,2700
2018,赣州银行股份有限公司,594300,13646900,12715700,40700,400400,931200,105300,86500,870200,12912900,2400
2017,赣州银行股份有限公司,256200,12179000,11369800,40400,256200,809100,93300,77300,724700,11430600,2400
2019,莱芜市义和信息材料科技有限公司,--,--,--,--,--,--,--,--,--,--,--
2018,莱芜市义和信息材料科技有限公司,--,--,--,--,--,--,--,--,--,--,--
2017,莱芜市义和信息材料科技有限公司,--,--,--,--,--,--,--,--,--,--,--
2019,大庆联谊石化股份有限公司助剂厂,197500,--,--,800,197500,--,2100,2100,--,--,--
2018,大庆联谊石化股份有限公司助剂厂,241000,--,--,3100,241000,--,5500,5500,--,--,100
2017,大庆联谊石化股份有限公司助剂厂,175800,--,--,20600,175800,--,--,-6700,--,--,2200
2019,恒力炼化产品销售（大连）有限公司,0,900,0,27,0,900,0,0,900,900,--
2018,恒力炼化产品销售（大连）有限公司,0,900,0,0,0,900,-5,-5,--,--,0
2017,恒力炼化产品销售（大连）有限公司,--,--,--,--,--,--,--,--,--,--,--
2019,上海银兔图文设计有限公司,--,--,--,--,--,--,--,--,--,--,--
2018,上海银兔图文设计有限公司,--,--,--,--,--,--,--,--,--,--,--
2017,上海银兔图文设计有限公司,--,--,--,--,--,--,--,--,--,--,--
2019,浙江恒逸石化销售有限公司,2915900,329900,322500,7300,2915900,7300,7400,5700,14400,203900,200
2018,浙江恒逸石化销售有限公司,1682400,78000,56300,7900,12000,21600,12000,9000,17000,57400,100
2017,浙江恒逸石化销售有限公司,420900,36900,24400,500,420900,12500,10000,7500,--,--,100
2019,乌鲁木齐银行股份有限公司,335300,15852000,14375100,67900,335300,1476800,177100,134500,1429100,15560200,--
2018,乌鲁木齐银行股份有限公司,339400,15268400,13887000,70000,339400,1381400,173000,131500,1314900,15338000,1900
2017,乌鲁木齐银行股份有限公司,325500,15407700,14159200,33100,325500,1248500,160900,127700,1206600,14238000,1900
2019,晋江市锦福化纤聚合有限公司,282700,202000,185100,1800,118000,16900,-9100,-9100,21400,190400,--
2018,晋江市锦福化纤聚合有限公司,307700,178800,152800,1200,165100,26000,2600,2600,24700,178000,100
2017,晋江市锦福化纤聚合有限公司,307600,177100,153700,600,151600,23400,6900,6900,19900,169300,100
2019,广州市国盛投资有限公司,0,22300,21600,0,0,600,0,0,600,21800,2
2018,广州市国盛投资有限公司,32,21400,20700,1,32,700,-100,-100,700,21500,8
2017,广州市国盛投资有限公司,100,21500,20700,6,100,800,0,0,800,22300,15
2019,国家开发银行,19212400,1634480000,1502010000,8329000,16528900,132474000,13547100,11148400,128215000,1616665000,--
2018,国家开发银行,23964700,1598850000,1474890000,4621300,17470000,123961000,12998100,10936100,121090000,1583455000,9300
2017,国家开发银行,14137600,1568060000,1449840000,8003800,17107700,118220000,13251700,10706800,114350000,1486185000,9200
2019,中国石油天然气股份有限公司华南化工销售海口分公司,0,--,--,0,0,--,--,0,--,--,0
2018,中国石油天然气股份有限公司华南化工销售海口分公司,102900,--,--,300,102900,--,500,500,--,--,0
2017,中国石油天然气股份有限公司华南化工销售海口分公司,89300,--,--,100,89300,--,1700,1700,--,--,0
2019,湖南岳化化工股份有限公司,198100,37400,32100,1200,198100,5200,-22717900,-22717900,6300,36100,300
2018,湖南岳化化工股份有限公司,209900,34800,27300,1800,75600,7500,6100,5200,7200,33400,300
2017,湖南岳化化工股份有限公司,147200,32000,25000,800,147200,7000,600,500,6800,29000,500
2019,中国石油天然气股份有限公司华北化工销售分公司,2484600,--,--,9000,2484600,--,14500,14500,--,--,--
2018,中国石油天然气股份有限公司华北化工销售分公司,2169800,--,--,12200,2169800,--,12100,12100,--,--,100
2017,中国石油天然气股份有限公司华北化工销售分公司,210100,--,--,18700,210100,--,22300,22300,--,--,100
2019,宝来石化销售（上海）有限公司,--,--,--,--,--,--,--,--,--,--,--
2018,宝来石化销售（上海）有限公司,--,--,--,--,--,--,--,--,--,--,--
2017,宝来石化销售（上海）有限公司,--,--,--,--,--,--,--,--,--,--,--
2019,广东中京新联信息科技有限公司,--,--,--,--,--,--,--,--,--,--,--
2018,广东中京新联信息科技有限公司,0,0,0,0,0,0,0,0,400,500,0
2017,广东中京新联信息科技有限公司,1500,1000,12,25,1500,900,0,0,--,--,42
2019,洛阳银行股份有限公司,1200000,24718000,22838900,158900,1157400,1879100,193900,158100,1819100,23696700,--
2018,洛阳银行股份有限公司,1108200,22675500,20916400,101100,1064300,1759100,162100,132600,1678100,21702100,2400
2017,洛阳银行股份有限公司,970800,20728700,19131500,146000,911700,1597100,334900,255700,1496300,19514500,2300
2019,广州市国鑫信息科技有限公司,14,44,300,0,14,-200,-2,-2,-200,36,1
2018,广州市国鑫信息科技有限公司,32,28,300,0,32,-200,0,0,-200,16,6
2017,广州市国鑫信息科技有限公司,35,4,200,0,35,-200,-100,-100,0,2,0
2019,东亚银行（中国）有限公司,223700,5068200,4938100,27200,221900,130000,-368800,-373200,230500,3871100,1000
2018,东亚银行（中国）有限公司,49500,2673900,2342900,31700,46800,331000,-46600,-47400,331000,2673900,900
2017,东亚银行（中国）有限公司,49500,2673900,2342900,31700,46800,331000,-46600,-47400,385600,2478800,700
2019,天津金发新材料有限公司,232900,228300,62900,5000,230500,165300,6800,6500,162000,227500,--
2018,天津金发新材料有限公司,245400,226800,68000,4700,243600,158700,3500,3900,156700,240000,0
2017,天津金发新材料有限公司,271400,253100,98300,3800,270200,154800,4800,4500,152500,251600,0
2019,宁夏宝丰能源集团股份有限公司,981400,3229900,1193200,64500,961200,2036600,340700,318700,1584100,2912500,9100
2018,宁夏宝丰能源集团股份有限公司,979800,2595200,1463600,108800,962600,1131600,285800,261900,1074700,2511800,7700
2017,宁夏宝丰能源集团股份有限公司,1050600,2428400,1410400,151000,1027100,1017900,198200,177500,1045800,2553800,6000
2019,贵州银行股份有限公司,1070500,40938900,37550000,174800,1070500,3388900,409100,356300,2989100,37544000,4800
2018,贵州银行股份有限公司,873500,34149100,31559700,171200,841900,2589300,331100,288200,2361300,31440800,4400
2017,贵州银行股份有限公司,852100,28732600,26599300,152800,852100,2133200,265000,228100,1890600,25864200,4200
2019,泉州利昌新材料科技有限公司,48800,44400,18600,2000,48800,25800,2300,1700,24900,42400,--
2018,泉州利昌新材料科技有限公司,42100,40300,16200,1900,42100,24100,1900,1400,23300,37400,85
2017,泉州利昌新材料科技有限公司,38100,34400,11700,2000,37400,22600,2400,1900,21700,33200,74
2019,江苏超跃化学有限公司,153000,80400,82400,0,153000,-2000,4800,4800,-3000,84500,300
2018,江苏超跃化学有限公司,148400,88700,92700,2300,127400,-22400,2300,2300,-8000,90600,300
2017,江苏超跃化学有限公司,126600,92400,104600,3300,18000,-12100,33,33,-12200,133700,300
2019,佛山市顺德区乐从镇嘉粤钢材有限公司,--,--,--,--,--,--,--,--,--,--,--
2018,佛山市顺德区乐从镇嘉粤钢材有限公司,--,--,--,--,--,--,--,--,--,--,--
2017,佛山市顺德区乐从镇嘉粤钢材有限公司,--,1000,0,0,0,1000,0,0,900,900,0
2019,浙江石油化工有限公司,330500,12911900,9598400,236300,330000,3313400,43700,66600,1656800,6456300,6200
2018,浙江石油化工有限公司,0,700,400,5000,0,200,0,0,951000,1036700,4400
2017,浙江石油化工有限公司,0,2072700,170900,2100,0,1901800,2500,1800,1100800,1197600,2300
2019,怀化农村商业银行股份有限公司,41600,756300,666400,3500,41600,89900,800,0,89900,723600,--
2018,怀化农村商业银行股份有限公司,37400,690800,600900,2500,37400,89900,3100,0,78700,742600,400
2017,怀化农村商业银行股份有限公司,35800,794400,727000,1900,35800,67400,4300,2700,65900,703600,400
2019,北京银行股份有限公司,6157400,269153000,248535000,1077000,6145700,20618200,2453700,2113700,19899000,261421500,1700
2018,北京银行股份有限公司,5433400,253690000,234510000,1093700,5421900,19179800,2317200,1991200,18296000,242068000,1700
2017,北京银行股份有限公司,4917200,230446000,213034000,981100,4905800,17411600,2223900,1844900,15788500,220113000,1800
2019,中国农业银行股份有限公司,59159800,2470720000,2277190000,9298000,58997600,193539000,25939100,20623200,179935000,2358555000,464000
2018,中国农业银行股份有限公司,57262900,2246390000,2080050000,8383200,57223800,166338000,24717900,19867200,154345000,2168860000,473600
2017,中国农业银行股份有限公司,50732900,2091330000,1948980000,6088700,50696000,142351000,23766400,19171400,137255000,2024170000,495800
2019,凤县嘉庆矿业有限责任公司,--,--,--,--,--,--,--,--,--,--,--
2018,凤县嘉庆矿业有限责任公司,0,600,0,0,0,0,0,0,600,600,0
2017,凤县嘉庆矿业有限责任公司,0,600,15,0,0,600,0,0,600,600,0
2019,武汉金发科技有限公司,183200,168300,83500,3200,183200,84700,1900,1400,84000,175800,--
2018,武汉金发科技有限公司,190900,183300,100000,2200,190900,83200,8300,7600,80800,193200,400
2017,武汉金发科技有限公司,140100,203200,124700,3000,140100,78400,8100,7200,73100,189200,400
2019,恒力石化（大连）炼化有限公司,5702500,10456400,8426100,983300,5702500,2030100,751100,564400,1889400,8730000,5100
2018,恒力石化（大连）炼化有限公司,38,7003600,5254900,236200,0,1748700,-4400,-4400,1018200,4372800,2900
2017,恒力石化（大连）炼化有限公司,0,1741900,1454100,9200,0,287800,-2300,-2300,288900,1047300,1500
2019,上海水元实业有限公司,--,--,--,--,--,--,--,--,--,--,--
2018,上海水元实业有限公司,--,--,--,--,--,--,--,--,--,--,--
2017,上海水元实业有限公司,--,--,--,--,--,--,--,--,--,--,--
2019,福建省国银投资集团有限公司,--,--,--,--,--,--,--,--,--,--,--
2018,福建省国银投资集团有限公司,--,--,--,--,--,--,--,--,--,--,--
2017,福建省国银投资集团有限公司,--,--,--,--,--,--,--,--,--,--,--
2019,华融湘江银行股份有限公司,934500,36677700,34279600,165900,938000,2398100,377100,301600,2297100,35111400,4200
2018,华融湘江银行股份有限公司,954200,33545200,31349100,151100,937600,2196100,338200,271600,2095600,32498900,4100
2017,华融湘江银行股份有限公司,766000,31452600,29457500,159500,765100,1995000,315600,251000,1719800,28735600,4200
2019,洋县金鼎矿业开发有限公司,32,900,500,0,32,400,-1,-1,400,900,--
2018,洋县金鼎矿业开发有限公司,32,900,500,0,32,400,-1,-1,700,900,--
2017,洋县金鼎矿业开发有限公司,32,900,0,0,32,900,-1,-1,900,900,0
2019,天津大沽化工股份有限公司,1218000,1150300,866300,33000,1174100,284000,10600,9500,280800,1179700,--
2018,天津大沽化工股份有限公司,1448900,1209100,931500,52000,1399200,277600,14900,12500,271200,1247000,4000
2017,天津大沽化工股份有限公司,1321900,1284900,1020000,39400,1267800,264900,5900,4900,262300,1294200,4100
2019,中信银行股份有限公司,18758400,675043000,621791000,2538000,18758400,53252300,5654400,4899300,49280000,640857000,3500
2018,中信银行股份有限公司,16485400,606671000,561363000,2730100,16485400,45308600,5432500,4537500,43275500,587220000,2300
2017,中信银行股份有限公司,15670800,567769000,526526000,2423200,15658900,41243300,5227600,4287800,39846500,580437000,2000
2019,福建晋江农村商业银行股份有限公司,131300,4374100,3954500,5200,129200,419600,45000,39700,403900,4170100,--
2018,福建晋江农村商业银行股份有限公司,136700,3966100,3577800,7400,113600,388200,46400,39600,372600,4198600,700
2017,福建晋江农村商业银行股份有限公司,139200,4431200,4074100,16000,56800,357000,51600,35500,356800,4387800,800
2019,大连晟亚科技发展有限公司,63500,17800,16400,100,63500,1400,400,300,1200,18000,5
2018,大连晟亚科技发展有限公司,118600,18100,17100,300,118600,1000,400,300,900,16800,6
2017,大连晟亚科技发展有限公司,112800,15500,14700,500,112800,700,300,200,600,11700,4
2019,武汉有机实业有限公司,200300,162700,65900,2200,198500,96700,10600,9300,91900,155800,--
2018,武汉有机实业有限公司,133500,149000,61800,3700,112500,87200,11600,10100,82200,141500,500
2017,武汉有机实业有限公司,82400,134000,56800,1800,65900,77200,5600,4900,61500,120400,500
2019,河南星通物联科技有限公司,--,--,--,--,--,--,--,--,--,--,--
2018,河南星通物联科技有限公司,--,--,--,--,--,--,--,--,--,--,--
2017,河南星通物联科技有限公司,16,500,500,1,16,43,0,0,57,400,8
2019,上海蓝帆化工有限公司,240000,13100,10200,400,240000,2800,500,300,2600,14700,--
2018,上海蓝帆化工有限公司,207500,16400,13900,600,207500,2400,500,400,2200,13800,5
2017,上海蓝帆化工有限公司,161900,11300,9300,700,161900,1900,300,200,1800,11600,5
2019,上海鹏抟工贸有限公司,--,--,--,--,--,--,--,--,--,--,--
2018,上海鹏抟工贸有限公司,--,--,--,--,--,--,--,--,--,--,--
2017,上海鹏抟工贸有限公司,--,--,--,--,--,--,--,--,--,--,--
2019,绍兴银行股份有限公司,515300,12725100,12004500,38100,513700,720600,58600,47200,696100,11736700,--
2018,绍兴银行股份有限公司,468000,10748400,10076800,37500,466600,671500,54000,42100,646500,10536200,1000
2017,绍兴银行股份有限公司,421500,10324000,9702500,0,420100,621500,53900,42000,603800,10304700,1000
2019,齐齐哈尔农村商业银行股份有限公司,69100,1652300,1417100,6900,59800,235200,20200,15300,226900,1505800,--
2018,齐齐哈尔农村商业银行股份有限公司,62600,1359200,1140500,4600,54900,218700,15400,11300,161100,1341100,1100
2017,齐齐哈尔农村商业银行股份有限公司,65100,1323000,1219500,4400,65000,103500,12700,8200,104800,1286000,1100
2019,浙江腾舟机器人科技有限公司,--,--,--,--,--,--,--,--,--,--,--
2018,浙江腾舟机器人科技有限公司,--,--,--,--,--,--,--,--,--,--,--
2017,浙江腾舟机器人科技有限公司,--,--,--,--,--,--,--,--,--,--,--
2019,张家口银行股份有限公司,1246700,21997700,20498000,91100,1243400,1499600,218900,193800,1414700,20382400,3900
2018,张家口银行股份有限公司,541700,18767200,17437400,124200,695300,1329700,215600,189700,8926100,18244100,1600
2017,张家口银行股份有限公司,561900,17721100,1198500,89200,631300,16522600,252900,200500,8761200,17046900,1500
2019,汕头市欧香食品有限公司,--,--,--,--,--,--,--,--,--,--,--
2018,汕头市欧香食品有限公司,--,--,--,--,--,--,--,--,--,--,--
2017,汕头市欧香食品有限公司,--,--,--,--,--,--,--,--,--,--,--
2019,常州江盛石油化工储运有限公司,--,--,--,--,--,--,--,--,--,--,--
2018,常州江盛石油化工储运有限公司,--,--,--,--,--,--,--,--,--,--,--
2017,常州江盛石油化工储运有限公司,--,--,--,--,--,--,--,--,--,--,--
2019,上饶银行股份有限公司,326800,11854700,10810100,42000,325500,1044600,83600,76500,850400,11198300,2200
2018,上饶银行股份有限公司,298000,10541900,9885600,34200,297100,656200,82900,69300,608500,10090400,2100
2017,上饶银行股份有限公司,255900,9638900,9078000,31100,255000,560900,77400,64600,536000,8933800,1800
2019,汕头市华润达塑胶实业有限公司,110800,3000,2100,100,110800,800,100,100,700,5300,--
2018,汕头市华润达塑胶实业有限公司,77300,7600,6900,100,77300,600,38,15,600,4200,9
2017,汕头市华润达塑胶实业有限公司,66300,800,200,100,66300,600,68,50,600,1300,7
2019,兰州银行股份有限公司,761700,33668300,31496400,143100,571900,2171800,168800,149400,2148400,32029200,--
2018,兰州银行股份有限公司,679900,30390200,28265200,149700,651200,2125000,294200,226600,2004100,28736400,4100
2017,兰州银行股份有限公司,657700,27082700,25199400,133000,622100,1883300,316300,237700,1764300,26409500,4000
2019,南洋商业银行（中国）有限公司,263100,14013800,12581500,29100,203000,1432300,85500,80500,1392900,14570900,1500
2018,南洋商业银行（中国）有限公司,320100,15128000,13774500,47700,245700,1353500,132600,112700,1302600,14840900,1500
2017,南洋商业银行（中国）有限公司,244100,14553900,13302200,40900,161500,1251700,64000,53800,1079400,13356700,1500
2019,上海海鸿石油化工有限公司,138800,3600,3600,35,138800,57,14,14,91,4000,--
2018,上海海鸿石油化工有限公司,121100,4400,4300,36,121100,100,-100,-100,100,7400,6
2017,上海海鸿石油化工有限公司,65200,10500,10200,35,65200,200,7,7,200,9600,6
2019,宿迁市宏胜供应链管理有限公司,177000,28300,20300,7300,177000,8000,9100,6800,8000,23100,2
2018,宿迁市宏胜供应链管理有限公司,174200,17800,9800,6000,174200,8000,9100,6800,8000,19600,2
2017,宿迁市宏胜供应链管理有限公司,183000,21400,13300,5400,183000,8100,9200,6900,7100,22900,2
2019,渣打银行（中国）有限公司,691000,23493500,21117300,69100,689700,2376200,170500,139600,759000,13414500,700
2018,渣打银行（中国）有限公司,55100,3335600,4193700,33100,55100,-858000,-54500,-95900,-589500,3352900,700
2017,渣打银行（中国）有限公司,43900,3370100,3691200,27800,43900,-321000,-52100,-82400,-279200,3481700,600
2019,清远正茂燃气有限公司,11400,29400,25400,17,11400,3900,-2400,-2400,5200,27000,--
2018,清远正茂燃气有限公司,--,24600,18200,96,21400,6400,-2800,-2800,3600,12900,47
2017,清远正茂燃气有限公司,300,1200,300,0,--,900,0,0,5400,5600,38
2019,中化石化销售有限公司,3093700,141300,117800,27000,3093700,23500,28800,21500,21400,152000,100
2018,中化石化销售有限公司,3732000,162600,143200,14800,3732000,19300,18300,13700,17500,128700,100
2017,中化石化销售有限公司,655700,94900,79300,5800,655700,15600,19500,14600,--,--,47
2019,中国光大银行股份有限公司,13281200,473343000,434738000,932200,10191800,38605400,4516300,3744100,35426000,454538000,2800
2018,中国光大银行股份有限公司,11024400,435733000,403486000,713100,3689400,32247300,4085200,3372100,31395000,422278500,2500
2017,中国光大银行股份有限公司,9185000,408824000,378281000,903500,6095000,30543600,4064600,3154500,27825000,405414000,2000
2019,中国石油天然气股份有限公司华南化工销售汕头分公司,209800,--,--,200,209800,--,1800,1800,--,--,--
2018,中国石油天然气股份有限公司华南化工销售汕头分公司,198800,--,--,400,198800,--,1500,1500,--,--,0
2017,中国石油天然气股份有限公司华南化工销售汕头分公司,198100,--,--,500,198100,--,2600,2600,--,--,0
2019,液化空气（福州）有限公司,124900,376400,241100,100,124900,135300,-36800,-19800,122400,421300,100
2018,液化空气（福州）有限公司,12800,466100,356600,1600,12800,109500,-8900,-6700,112900,446300,100
2017,液化空气（福州）有限公司,0,426500,310200,1400,0,116200,-3300,-2500,101800,354900,100
2019,浙江方圆聚合纤有限公司,147900,90400,57700,100,146300,32600,43,100,32500,78600,--
2018,浙江方圆聚合纤有限公司,143300,66800,34300,1500,138600,32400,2900,2500,25900,55500,100
2017,浙江方圆聚合纤有限公司,122900,44200,24800,1500,121500,19300,1600,1400,18600,45400,100
2019,厦门永佳和塑胶有限公司,95100,23700,13500,300,95000,10100,100,75,10100,23300,--
2018,厦门永佳和塑胶有限公司,113000,22800,12700,600,113000,10100,100,68,9500,23200,--
2017,厦门永佳和塑胶有限公司,113300,23700,14700,700,113200,8900,600,400,8700,22500,45
2019,大连精英美术电影制片有限责任公司,--,--,--,--,--,--,--,--,--,--,--
2018,大连精英美术电影制片有限责任公司,--,--,--,--,--,--,--,--,--,--,--
2017,大连精英美术电影制片有限责任公司,--,--,--,--,--,--,--,--,--,--,--
2019,府谷县金宏湾矿业有限公司,51,5900,1900,32,51,3900,-700,-700,4300,11300,--
2018,府谷县金宏湾矿业有限公司,10900,16800,12100,500,10900,4700,2100,1600,10300,17800,0
2017,府谷县金宏湾矿业有限公司,9600,18900,3000,600,9600,15900,2200,1500,15500,18300,0
2019,瑞穗银行（中国）有限公司,288300,12781800,11102900,72000,287800,1678800,193000,145200,1605600,12420400,1300
2018,瑞穗银行（中国）有限公司,312500,12059000,10526600,61400,312000,1532400,186400,140700,1457500,11843200,1400
2017,瑞穗银行（中国）有限公司,191700,11627500,10244800,30600,191700,1382600,72300,54900,1356700,11238600,1500
2019,扬州石化有限责任公司,234000,65600,15200,49600,234000,50300,2000,1700,49400,69400,600
2018,扬州石化有限责任公司,223900,73300,24900,38200,223900,48400,4800,4900,49300,70300,600
2017,扬州石化有限责任公司,202700,67400,17100,46200,202500,50200,7000,5100,47700,62600,700
2019,广州彭脉体育策划有限公司,--,--,--,--,--,--,--,--,--,--,--
2018,广州彭脉体育策划有限公司,--,--,--,--,--,--,--,--,--,--,--
2017,广州彭脉体育策划有限公司,100,100,100,0,100,0,0,0,0,100,17
2019,浙江义乌佛兰克针织有限公司,--,--,--,--,--,--,--,--,--,--,--
2018,浙江义乌佛兰克针织有限公司,--,--,--,--,--,--,--,--,--,--,--
2017,浙江义乌佛兰克针织有限公司,--,--,--,--,--,--,--,--,--,--,--
2019,安康正英实业有限公司,0,8200,6600,0,0,1800,0,0,1700,8300,--
2018,安康正英实业有限公司,0,8400,6600,0,0,1800,0,0,1800,8400,--
2017,安康正英实业有限公司,0,8400,6600,0,0,1800,0,0,1800,8400,--
2019,佛山佛塑科技集团股份有限公司,116200,328700,109600,4400,105100,219100,18400,18400,209300,344000,--
2018,佛山佛塑科技集团股份有限公司,--,359200,159600,7600,114100,199600,4000,4000,199000,362100,2200
2017,佛山佛塑科技集团股份有限公司,--,364900,166500,7700,117800,198400,15100,15000,221600,426000,2200
2019,璐彩特国际（中国）化工有限公司,185800,127800,26700,58600,185800,101100,50600,37900,155000,189600,43
2018,璐彩特国际（中国）化工有限公司,248700,251400,42300,57200,248600,209000,105600,79200,182800,232000,44
2017,璐彩特国际（中国）化工有限公司,247100,212700,56000,23100,247100,156700,99800,74900,133300,175400,42
2019,北化凯明化工有限公司,283500,27600,20400,500,283300,7100,100,100,7100,32900,--
2018,北化凯明化工有限公司,289600,38300,31200,1400,285400,7000,100,62,7000,41900,60
2017,北化凯明化工有限公司,365900,45500,38500,100,365800,7000,66,33,7000,37800,56
2019,成都金发科技新材料有限公司,102300,138600,84900,1800,102300,53700,-3500,-3000,49800,138800,300
2018,成都金发科技新材料有限公司,113600,139100,93100,1400,113600,45900,3700,3300,44300,117700,500
2017,成都金发科技新材料有限公司,50900,96300,53700,400,50900,42600,4600,3800,39200,80000,300
2019,武汉奥邦化工有限公司,150500,15000,13900,200,150500,1000,100,100,900,12000,--
2018,武汉奥邦化工有限公司,137400,9100,8100,200,137400,900,100,100,800,7800,32
2017,武汉奥邦化工有限公司,136000,6600,5800,200,136000,800,100,71,700,6500,28
2019,武汉金牛经济发展有限公司,312100,404100,67800,18500,291500,336300,51000,45000,313800,386200,--
2018,武汉金牛经济发展有限公司,317000,368200,76700,16900,290700,291400,44600,39600,271800,351700,1400
2017,武汉金牛经济发展有限公司,294800,335100,83000,16900,268700,252100,36000,31600,231400,318800,1300
2019,广发银行股份有限公司,76312500,2632800000,2423230000,9683500,76078400,209564000,14922900,12580900,112710000,1434442500,2200
2018,广发银行股份有限公司,--,236085000,220235000,794200,5905400,15850200,1194000,1069900,13617500,221688500,1900
2017,广发银行股份有限公司,--,207292000,195907000,966200,5033000,11384600,1150300,1020400,10991000,206025500,1900
2019,广州伯龙计算机科技有限公司,87,100,100,4,87,6,22,22,6,100,0
2018,广州伯龙计算机科技有限公司,100,100,100,5,100,6,0,-1,-4,94,5
2017,广州伯龙计算机科技有限公司,100,76,92,7,100,0,0,-1,21,100,6
2019,唐山东方雨虹防水技术有限责任公司,175200,136100,88400,16000,167400,47700,21400,18300,48500,129500,--
2018,唐山东方雨虹防水技术有限责任公司,166400,122900,73600,3300,166400,49300,22900,19500,44500,102100,200
2017,唐山东方雨虹防水技术有限责任公司,120800,81400,41700,5100,115800,39700,12500,10700,34200,74400,200
2019,温州银行股份有限公司,423000,23047200,21745500,72200,419600,1301600,80100,69200,1337500,22912700,400
2018,温州银行股份有限公司,361700,22778200,21404900,55400,361700,1373300,61200,51000,1342600,22594700,300
2017,温州银行股份有限公司,397000,22411200,21099200,30200,223700,1312000,118200,90200,1214300,21272900,300
2019,贵阳银行股份有限公司,1346700,52794400,48954200,135300,1346700,3840200,567900,543100,3712200,51563500,6100
2018,贵阳银行股份有限公司,1264500,50332600,46748300,11500,1264500,3584300,554500,522800,3073600,48371600,6200
2017,贵阳银行股份有限公司,1247700,46410600,43847600,136600,1247700,2563000,512600,458700,2335500,41226200,4300
2019,中国石油天然气股份有限公司华南化工销售深圳分公司,0,0,0,0,0,0,0,0,0,0,--
2018,中国石油天然气股份有限公司华南化工销售深圳分公司,0,0,0,0,0,0,0,0,0,0,0
2017,中国石油天然气股份有限公司华南化工销售深圳分公司,187100,0,0,400,187100,0,2900,2900,0,0,0
2019,中国石油天然气股份有限公司华南化工销售南宁分公司,136600,--,--,200,136600,--,2500,2500,--,--,0
2018,中国石油天然气股份有限公司华南化工销售南宁分公司,131000,--,--,400,131000,--,2100,2100,--,--,0
2017,中国石油天然气股份有限公司华南化工销售南宁分公司,116900,--,--,200,116900,--,1700,1700,--,--,0
2019,广州微智物联网科技有限公司,0,0,0,0,0,0,0,0,1300,1500,0
2018,广州微智物联网科技有限公司,0,3000,300,1,0,3000,-100,-100,1300,1500,7
2017,广州微智物联网科技有限公司,0,-2,0,0,0,-2,-2,-2,--,--,0
2019,正新橡胶(中国)有限公司,490800,695700,153600,23100,482500,542100,69200,60500,526600,689200,--
2018,正新橡胶(中国)有限公司,527400,682700,171500,54800,518400,511200,63000,55800,508200,696900,3900
2017,正新橡胶(中国)有限公司,508900,711000,205800,28600,501000,505200,67900,61200,518000,715100,4000
2019,宁波利万新材料有限公司,270000,113400,38900,6000,270000,74500,15100,15100,--,--,--
2018,宁波利万新材料有限公司,--,--,--,--,--,--,--,--,--,--,--
2017,宁波利万新材料有限公司,--,--,--,--,--,--,--,--,--,--,--
2019,达州农村商业银行股份有限公司,95000,3714100,3533200,6700,94600,180900,2900,1700,179400,3542800,800
2018,达州农村商业银行股份有限公司,164800,3371400,3193400,9900,163900,177900,3300,1600,174900,3328000,800
2017,达州农村商业银行股份有限公司,160200,3284500,3112600,13000,125100,171900,1400,6500,168400,3173100,800
2019,新疆鼎成投资集团有限公司,--,--,--,--,--,--,--,--,--,--,--
2018,新疆鼎成投资集团有限公司,--,--,--,--,--,--,--,--,--,--,--
2017,新疆鼎成投资集团有限公司,--,--,--,--,--,--,--,--,--,--,--
2019,嘉兴市元昌时装有限公司,--,--,--,--,--,--,--,--,--,--,--
2018,嘉兴市元昌时装有限公司,--,--,--,--,--,--,--,--,--,--,--
2017,嘉兴市元昌时装有限公司,--,--,--,--,--,--,--,--,--,--,--
2019,中国建设银行股份有限公司,70562900,2543630000,2320110000,5737500,64796400,223513000,32659700,26922200,211340000,2432950000,345500
2018,中国建设银行股份有限公司,65889100,2322270000,2123110000,5253400,60931300,199159000,30816000,25562600,189370000,2267355000,342800
2017,中国建设银行股份有限公司,62165900,2212440000,2032860000,5617200,57025400,179583000,29978700,24361500,169270000,2154405000,351600
2019,中海石油宁波大榭石化有限公司,2774800,1585000,685500,173300,2774400,899500,124200,93400,852200,1489100,--
2018,中海石油宁波大榭石化有限公司,2843500,1393200,588300,252400,2843500,804900,250000,181900,714900,1405100,800
2017,中海石油宁波大榭石化有限公司,2658000,1417100,792100,209600,2658000,624900,280100,210200,518700,1359900,900
2019,海峡石化产品交易中心有限公司,812500,248400,192000,800,812000,56400,600,400,49600,149100,44
2018,海峡石化产品交易中心有限公司,614800,49900,6900,500,614600,42900,600,600,23600,28000,38
2017,海峡石化产品交易中心有限公司,276700,6200,1800,0,276600,4300,100,100,4200,6200,37
2019,神木市店塔镇王塔煤矿,0,--,--,0,0,--,--,0,--,--,--
2018,神木市店塔镇王塔煤矿,700,--,--,90,700,--,--,-400,--,--,--
2017,神木市店塔镇王塔煤矿,700,--,--,90,700,--,--,-400,--,--,0
2019,江苏中石油国际事业有限公司,3066200,276300,225000,5600,3066200,51200,18000,13500,47500,306500,--
2018,江苏中石油国际事业有限公司,3128500,336700,292900,9700,3128500,43700,32400,24300,34500,284500,3
2017,江苏中石油国际事业有限公司,1485400,232300,207000,3900,1485400,25200,31300,23500,13500,241700,3
2019,鞍山银行股份有限公司,523700,12270900,11447700,72300,522800,823100,19500,14600,815800,11360400,3000
2018,鞍山银行股份有限公司,231100,10450000,9641500,35200,51800,808500,3400,2100,804000,10364700,3100
2017,鞍山银行股份有限公司,381600,10279400,9479700,37700,300900,799600,48800,36800,776100,10215000,3100
2019,苏州汇德林投资有限公司,--,--,--,--,--,--,--,--,--,--,--
2018,苏州汇德林投资有限公司,--,--,--,--,--,--,--,--,--,--,--
2017,苏州汇德林投资有限公司,--,--,--,--,--,--,--,--,--,--,--
2019,成都宏星信息科技有限公司,--,--,--,--,--,--,--,--,--,--,--
2018,成都宏星信息科技有限公司,--,--,--,--,--,--,--,--,--,--,--
2017,成都宏星信息科技有限公司,0,0,0,0,0,0,0,0,100,100,0
2019,山东东信塑胶有限公司,9800,54900,45200,44,9000,9700,-6700,-6700,13000,53600,--
2018,山东东信塑胶有限公司,19200,52200,35900,1100,17000,16300,-2800,-2800,37700,80400,100
2017,山东东信塑胶有限公司,82600,108500,49400,1400,82600,59100,9500,9400,54400,101800,100
2019,东莞市正腾实业投资有限公司,400,-10100,31800,27,400,-41900,0,0,-41900,-10000,--
2018,东莞市正腾实业投资有限公司,400,-10000,31800,23,400,-41800,41,41,-31100,-900,20
2017,东莞市正腾实业投资有限公司,400,8100,28500,28,400,-20300,-100,-100,-20200,27500,20
2019,长乐力恒锦纶科技有限公司,256600,374200,408600,3000,0,-34300,-16200,-16200,-26200,389800,600
2018,长乐力恒锦纶科技有限公司,306100,405400,423500,4000,305400,-18100,-400,-400,-17900,417900,600
2017,长乐力恒锦纶科技有限公司,243900,430300,448000,3900,243200,-17600,-9600,-9600,-13100,444700,700
2019,北京顺隆易发科技发展有限公司,--,--,--,--,--,--,--,--,--,--,--
2018,北京顺隆易发科技发展有限公司,--,--,--,--,--,--,--,--,--,--,--
2017,北京顺隆易发科技发展有限公司,--,--,--,--,--,--,--,--,--,--,--
2019,盛虹石化集团有限公司,416000,669900,153700,200,416000,516100,-30900,-30900,481600,830500,100
2018,盛虹石化集团有限公司,591700,991200,544000,100,591700,447100,-2800,-2800,448500,910600,90
2017,盛虹石化集团有限公司,346100,830000,380100,300,346000,449900,200,200,527000,748200,5
2019,东莞市鑫源织造有限公司,200,800,700,6,200,51,10,4,50,800,--
2018,东莞市鑫源织造有限公司,300,800,700,10,300,50,17,7,50,800,0
2017,东莞市鑫源织造有限公司,500,800,800,16,500,50,25,9,500,900,0
2019,临沂华嘉汽车销售有限公司,0,800,600,0,0,100,0,0,100,800,--
2018,临沂华嘉汽车销售有限公司,2,800,600,0,2,100,0,0,100,800,0
2017,临沂华嘉汽车销售有限公司,22,800,600,0,22,100,0,0,100,800,0
2019,海南逸盛石化有限公司,1976700,1045100,682800,72200,1970000,362200,69800,54000,349100,1084300,--
2018,海南逸盛石化有限公司,2208500,1123500,787500,39400,2207000,335900,51100,38700,317500,1109400,500
2017,海南逸盛石化有限公司,1616100,1095200,796100,40000,1279500,299100,12300,8800,258400,1061200,500
2019,福建省福化工贸股份有限公司,2160600,238500,160600,7000,2160600,77800,9300,6900,74400,319300,100
2018,福建省福化工贸股份有限公司,2997100,400000,329000,8800,2997100,70900,10700,8000,57000,390800,100
2017,福建省福化工贸股份有限公司,1881100,381700,338500,4200,1880600,43200,6000,4500,40700,316500,100
2019,青岛茗第甲商贸有限公司,--,--,--,--,--,--,--,--,--,--,--
2018,青岛茗第甲商贸有限公司,0,0,0,0,0,0,0,0,0,0,0
2017,青岛茗第甲商贸有限公司,0,0,0,0,0,0,0,0,0,0,0
2019,福建联合石油化工有限公司,5704600,3526400,1984400,1235100,5647200,1541900,79000,59300,1652300,3588100,--
2018,福建联合石油化工有限公司,5246900,3649900,1887200,1450900,5203200,1762700,374600,281100,1742100,3689500,1900
2017,福建联合石油化工有限公司,4890100,3729000,2007400,1458500,4844600,1721600,680200,510300,1591900,3928700,1800
2019,凉山农村商业银行股份有限公司,185500,6796200,6459000,34300,152800,337100,46400,36300,327900,6487100,--
2018,凉山农村商业银行股份有限公司,203500,6178000,5859300,24300,251500,318700,68700,52200,297900,5770400,2200
2017,凉山农村商业银行股份有限公司,162900,5362900,5085800,25000,203300,277100,21000,20900,273600,5077000,2200
2019,浙江万马高分子材料集团有限公司,285600,184400,70600,9300,282300,113800,20300,18800,104400,169600,1100
2018,浙江万马高分子材料集团有限公司,263400,154900,59800,7000,262800,95000,12600,11600,89000,147000,1000
2017,浙江万马高分子材料集团有限公司,197400,139100,56200,4800,196400,82900,5900,5500,80100,127800,1000
2019,苏州银行股份有限公司,1631700,32128300,29405300,136500,1631700,2722900,285600,229300,2519900,30616500,2300
2018,苏州银行股份有限公司,773700,29104700,26787800,394000,659100,2316900,271300,231400,2272400,28758200,2200
2017,苏州银行股份有限公司,689800,28411800,26183800,101800,686000,2227900,271900,215000,2159200,27226800,2200
2019,安庆炼化曙光丁辛醇化工有限公司,129300,70400,27600,300,125100,42700,-7500,-7500,--,--,--
2018,安庆炼化曙光丁辛醇化工有限公司,--,--,--,--,--,--,--,--,--,--,0
2017,安庆炼化曙光丁辛醇化工有限公司,122700,83000,31000,49,122700,51900,-2800,-2800,53200,82300,0
2019,浙江巴陵恒逸己内酰胺有限责任公司,504700,609400,385400,7500,458400,223900,31500,23900,222300,567300,--
2018,浙江巴陵恒逸己内酰胺有限责任公司,517900,525200,304600,16900,460900,220600,44100,33200,204000,483100,800
2017,浙江巴陵恒逸己内酰胺有限责任公司,420400,441000,253600,32900,393500,187300,44600,33500,170500,423100,600
2019,略阳县同达矿业有限公司,0,5000,6200,0,0,-1100,-100,-100,-1100,5000,0
2018,略阳县同达矿业有限公司,0,5000,6200,0,0,-1100,-100,-100,-1100,5000,0
2017,略阳县同达矿业有限公司,0,5000,6200,0,0,-1100,-100,-100,-1100,5000,0
2019,重庆银行股份有限公司,1179100,50123200,46261800,125000,883900,3861300,557200,432100,3573300,46968600,--
2018,重庆银行股份有限公司,1024500,43814100,40528900,199500,1023400,3285100,464700,370200,1804900,24020800,3200
2017,重庆银行股份有限公司,1001400,4227600,3903000,113000,90100,324500,489500,376400,281300,3979300,3200
2019,浙江万马高分子材料有限公司,285600,184400,70600,9300,282300,113800,20300,18800,104400,169600,1100
2018,浙江万马高分子材料有限公司,263400,154900,59800,7000,262800,95000,12600,11600,89000,147000,1000
2017,浙江万马高分子材料有限公司,197400,139100,56200,4800,196400,82900,5900,5500,80100,127800,1000
2019,厦门庆通新材料科技有限公司,152700,5100,3900,200,152700,1200,43,81,1100,4900,16
2018,厦门庆通新材料科技有限公司,141100,4600,3500,300,141100,1100,0,0,1100,4600,--
2017,厦门庆通新材料科技有限公司,127800,4500,3300,300,127800,1100,100,79,1100,4800,14
2019,山东源源矿业有限公司,0,15300,25700,0,0,-10400,-1700,-1700,-9600,15800,--
2018,山东源源矿业有限公司,0,16300,25000,0,0,-8700,-2200,-2200,11400,17300,0
2017,山东源源矿业有限公司,24,18400,-13100,0,24,30500,-3400,0,13200,21400,0
2019,浙江建文企业管理咨询有限公司,--,--,--,--,--,--,--,--,--,--,--
2018,浙江建文企业管理咨询有限公司,--,--,--,--,--,--,--,--,--,--,--
2017,浙江建文企业管理咨询有限公司,--,--,--,--,--,--,--,--,--,--,--
2019,中海油东方石化有限责任公司,941900,497000,370500,159900,941600,126500,-28500,-21900,136700,493600,600
2018,中海油东方石化有限责任公司,988000,490100,343000,147000,987200,147000,100,500,146700,482900,600
2017,中海油东方石化有限责任公司,797100,475700,329300,144300,794900,146300,1000,400,150700,490100,600
2019,广州银行股份有限公司,2801700,56123100,52118800,262500,2467900,4004300,510200,432400,3890200,53742500,--
2018,广州银行股份有限公司,2409600,51362000,47585800,182600,2296400,3776100,439000,376900,3065800,47688600,3800
2017,广州银行股份有限公司,2063200,44015200,41659700,172200,1835400,2355500,385100,322000,2261300,44232900,500
2019,扬子石化-巴斯夫有限责任公司,1958900,1654600,203600,153200,1935900,1450900,231300,173400,1509500,1750400,1900
2018,扬子石化-巴斯夫有限责任公司,2157400,1846300,278200,218000,2135300,1568000,362400,272700,1585000,1883600,1800
2017,扬子石化-巴斯夫有限责任公司,2102000,1921000,318900,261800,2084400,1602000,456500,341400,1570200,1949300,1800
2019,西安长凯研工贸有限公司,200,2200,1500,30,200,600,0,0,600,2200,--
2018,西安长凯研工贸有限公司,200,2200,1500,30,200,600,0,0,400,1900,0
2017,西安长凯研工贸有限公司,700,1700,1500,0,700,200,100,100,200,1700,0
2019,株洲农村商业银行股份有限公司,91900,1790100,1645200,13500,60600,144900,23600,17100,142100,1697100,500
2018,株洲农村商业银行股份有限公司,84500,1604100,1464800,8700,58100,139300,23300,16400,135500,1591600,500
2017,株洲农村商业银行股份有限公司,80100,1579000,1447300,12500,80100,131600,22200,13500,--,--,500
2019,江苏泗阳农村商业银行股份有限公司,111000,2000200,1791000,9400,83100,209100,31100,23300,199700,2011600,--
2018,江苏泗阳农村商业银行股份有限公司,112500,2023000,1832700,11200,81500,190300,30300,22500,181600,1943400,500
2017,江苏泗阳农村商业银行股份有限公司,104400,1863800,1690900,10800,74700,172800,33000,22000,164000,1754000,500
2019,龙江银行股份有限公司,499700,24068100,22298200,91000,376200,1769900,184000,150200,1695800,24274400,--
2018,龙江银行股份有限公司,499200,24480700,22858900,83800,359100,1621800,198000,161700,1550400,24376600,5100
2017,龙江银行股份有限公司,503800,24272500,22793500,82600,432600,1478900,202000,159500,1427200,24098100,5000
2019,兴业银行股份有限公司,16842900,697826000,645580000,2517700,16842900,52245600,6856400,6229900,48601000,676384500,--
2018,兴业银行股份有限公司,14799400,654943000,609987000,2167200,14799400,44956400,6284600,5723100,42653000,640200000,2000
2017,兴业银行股份有限公司,13157700,625457000,585107000,2378200,13157700,40349900,5980100,5400700,37168500,611000000,1900
2019,贵阳农村商业银行股份有限公司,531200,10337700,9888900,35400,529400,448700,33600,31000,426900,9213000,1700
2018,贵阳农村商业银行股份有限公司,437300,8088300,7683200,25700,436100,405100,34900,29600,421500,7631900,1600
2017,贵阳农村商业银行股份有限公司,319200,7175400,6737400,21900,318700,438000,28500,19700,402800,6327700,1600
2019,福建海峡银行股份有限公司,301600,16245400,14924800,20800,251400,1320500,53400,50900,1229100,15776500,--
2018,福建海峡银行股份有限公司,278900,15307700,14170000,24900,720400,1137700,56600,47400,8635400,15732900,1500
2017,福建海峡银行股份有限公司,300700,16158100,24800,21600,745500,16133300,74800,65000,8454200,15809500,1600
2019,广西长高供应链管理有限公司,0,0,0,0,0,0,0,0,--,--,2
2018,广西长高供应链管理有限公司,--,--,--,--,--,--,--,--,--,--,--
2017,广西长高供应链管理有限公司,--,--,--,--,--,--,--,--,--,--,--
2019,大连银行股份有限公司,800000,41312100,38742500,116600,569800,2569500,121100,125000,2614300,41584700,700
2018,大连银行股份有限公司,780300,41857300,39198300,129500,653400,2658900,200800,163100,2546000,40026800,700
2017,大连银行股份有限公司,726900,38196300,35763200,106800,643200,2433000,231200,181500,2367800,34376500,700
2019,湖北银行股份有限公司,800000,26210900,23704500,9500,769400,25063200,230200,195000,2283700,25229400,4200
2018,湖北银行股份有限公司,673800,24247900,22186900,8000,642800,2061000,211000,175100,-7743000,13182200,4300
2017,湖北银行股份有限公司,5100,2116600,19663700,5500,4800,1502300,156900,125400,-8180800,10387500,3900
2019,河南圣广德企业管理咨询有限公司,--,--,--,--,--,--,--,--,--,--,--
2018,河南圣广德企业管理咨询有限公司,--,--,--,--,--,--,--,--,--,--,--
2017,河南圣广德企业管理咨询有限公司,--,--,--,--,--,--,--,--,--,--,--
2019,南京伟睿达金属材料有限公司,--,--,--,--,--,--,--,--,--,--,--
2018,南京伟睿达金属材料有限公司,--,--,--,--,--,--,--,--,--,--,--
2017,南京伟睿达金属材料有限公司,--,--,--,--,--,--,--,--,--,--,--
2019,上海中石化三井化工有限公司,271900,163300,84400,7700,270700,78900,4400,4400,6600,183900,--
2018,上海中石化三井化工有限公司,315500,204500,270000,8300,314200,-65500,12200,12300,-71700,206000,100
2017,上海中石化三井化工有限公司,246000,207500,285300,10500,245400,-77800,-31800,-31900,-61900,220400,100
2019,济宁市兖州区鸿福经贸有限公司,--,--,--,--,--,--,--,--,--,--,--
2018,济宁市兖州区鸿福经贸有限公司,0,0,0,0,0,0,0,0,0,0,0
2017,济宁市兖州区鸿福经贸有限公司,0,0,0,0,0,0,0,0,100,100,0
2019,金发科技股份有限公司,1216000,2066300,1355200,8900,1201600,711000,25900,25500,745700,1857300,2100
2018,金发科技股份有限公司,130000,1648300,867800,54300,130000,780400,54200,54700,770800,1560900,2500
2017,金发科技股份有限公司,1181900,1473500,712200,16200,1177100,761300,23300,23500,763100,1471300,2700
2019,徽商银行股份有限公司,3115900,113172000,104223000,715500,3115900,8949300,1230000,1006100,--,--,--
2018,徽商银行股份有限公司,--,--,--,--,--,--,--,--,--,--,9500
2017,徽商银行股份有限公司,2250800,90810000,84888800,369900,2250800,5921200,961200,781100,5619700,83143700,9500
2019,中国石油天然气股份有限公司华南化工销售分公司,1899800,--,--,10000,1899800,--,7900,7900,--,--,200
2018,中国石油天然气股份有限公司华南化工销售分公司,2018400,--,--,10900,2018400,--,12100,12100,--,--,--
2017,中国石油天然气股份有限公司华南化工销售分公司,1926100,--,--,17700,1926100,--,27700,27700,--,--,200
2019,富滇银行股份有限公司,1081600,26360900,24425800,60100,496100,1935100,43000,38200,1720600,25420600,800
2018,富滇银行股份有限公司,1087800,24480400,22974300,67500,499000,1506100,31700,12100,1485200,24305600,700
2017,富滇银行股份有限公司,456200,24130900,22666500,82200,456200,1464300,133900,112000,1441400,21877200,800
2019,武汉鲁华泓锦新材料有限公司,98700,63500,29200,1400,95400,34300,400,400,34600,65200,200
2018,武汉鲁华泓锦新材料有限公司,100400,66900,31900,1500,97100,34900,-1500,-1500,35900,68500,200
2017,武汉鲁华泓锦新材料有限公司,79000,70100,33200,200,75200,36800,-3100,-3100,28400,73000,200
2019,上海浦东发展银行股份有限公司,18153600,689241000,634900000,3134100,12686800,54341000,6578300,5644500,50377500,653764000,41300
2018,上海浦东发展银行股份有限公司,16386700,618287000,571873000,2836200,11011700,46414400,6145000,5362500,44213000,610895000,39500
2017,上海浦东发展银行股份有限公司,16105800,603503000,561491000,2862900,10500100,42012700,6545800,5173000,39261500,590339000,39600
2019,武汉鲁华粤达化工有限公司,98700,63500,29200,1400,95400,34300,400,400,34600,65200,200
2018,武汉鲁华粤达化工有限公司,100400,66900,31900,1500,97100,34900,-1500,-1500,35900,68500,200
2017,武汉鲁华粤达化工有限公司,79000,70100,33200,200,75200,36800,-3100,-3100,28400,73000,200
2019,中国石油天然气股份有限公司华北化工销售分公司,2484600,--,--,9000,2484600,--,14500,14500,--,--,--
2018,中国石油天然气股份有限公司华北化工销售分公司,2169800,--,--,12200,2169800,--,12100,12100,--,--,100
2017,中国石油天然气股份有限公司华北化工销售分公司,210100,--,--,18700,210100,--,22300,22300,--,--,100
2019,新疆天业（集团）有限公司,1107400,2337100,1466200,6800,1097300,870900,208100,208100,776600,2410300,--
2018,新疆天业（集团）有限公司,1078900,2483600,1801200,5300,1068800,682400,-4500,-4500,552200,2218000,1100
2017,新疆天业（集团）有限公司,992600,1952400,1530300,9300,978000,422000,-43400,-44500,459900,1984900,1000
2019,河南乘吉燃气有限公司,--,--,--,--,--,--,--,--,--,--,--
2018,河南乘吉燃气有限公司,--,--,--,--,--,--,--,--,--,--,--
2017,河南乘吉燃气有限公司,--,--,--,--,--,--,--,--,--,--,--
2019,浙江民泰商业银行股份有限公司,419600,14583200,13544700,58800,415800,1038400,95200,69800,1003500,13706800,--
2018,浙江民泰商业银行股份有限公司,336900,12830400,11861800,57100,317500,968500,75900,59700,906200,12635500,5400
2017,浙江民泰商业银行股份有限公司,301800,12440600,11596800,15400,295100,843800,66800,51600,817900,12065600,5500
2019,江苏银行股份有限公司,4284300,202014000,188860000,638600,4284300,13154200,1450200,1412600,12802000,197298000,--
2018,江苏银行股份有限公司,3522400,192582000,180132000,602000,3522400,12450500,1426700,1326200,11866500,184818500,14800
2017,江苏银行股份有限公司,3383900,177055000,165772000,527500,3383900,11282800,1378900,1201600,9851500,168442000,14600
2019,南京诚志清洁能源有限公司,408400,813100,109200,37600,385400,703800,76000,66200,666800,798600,600
2018,南京诚志清洁能源有限公司,431100,784100,154300,46500,415200,629700,109600,95900,530600,701500,600
2017,南京诚志清洁能源有限公司,425500,618900,187400,69300,401900,431500,113400,98000,382600,588800,600
2019,天津银行股份有限公司,1659700,66547000,61530900,351100,1444300,5016000,546400,446300,4850500,65817900,6600
2018,天津银行股份有限公司,1179500,65088900,60403900,257800,1025500,4685000,506000,410800,4542800,67225400,6600
2017,天津银行股份有限公司,987500,69362000,64961400,203100,824400,4400600,479700,387600,4285500,67520100,6500
2019,柳州银行股份有限公司,650100,12770100,11213600,51600,649700,1556500,83800,63000,1522200,12920300,--
2018,柳州银行股份有限公司,575700,13070600,11582700,35000,574100,1487900,60700,46900,1252300,12412700,2400
2017,柳州银行股份有限公司,532100,11754900,10738100,1800,531000,1016800,9600,7800,913700,11165500,2200
2019,中海壳牌石油化工有限公司,3929400,4645600,2314700,1203400,3832100,2330900,270700,203000,2378400,4673500,--
2018,中海壳牌石油化工有限公司,--,4701500,2275400,1064500,3628100,2426000,432300,325700,2434900,4584900,--
2017,中海壳牌石油化工有限公司,--,4468300,2024400,263400,2407100,2443800,587300,440100,2341100,4163100,2000
2019,长安银行股份有限公司,758300,28773700,27125400,9000,620200,1648300,227000,175100,1566500,26449700,3900
2018,长安银行股份有限公司,553800,24125800,22641000,6500,298600,1484700,197700,154800,1420000,22537400,--
2017,长安银行股份有限公司,467900,20949100,19593900,5500,221300,1355100,182200,139000,1304700,19541500,3700
2019,安徽昊源化工集团有限公司颍东新材料产业园分公司,211700,--,--,3600,211700,--,22000,22000,--,--,600
2018,安徽昊源化工集团有限公司颍东新材料产业园分公司,--,--,--,--,--,--,--,--,--,--,400
2017,安徽昊源化工集团有限公司颍东新材料产业园分公司,--,--,--,--,--,--,--,--,--,--,--
2019,广州市闽烁投资控股有限公司,--,--,--,--,--,--,--,--,--,--,--
2018,广州市闽烁投资控股有限公司,--,--,--,--,--,--,--,--,--,--,--
2017,广州市闽烁投资控股有限公司,0,29800,4,0,0,29800,-8,-8,29800,29800,0
2019,齐鲁银行股份有限公司,715100,30278500,28036300,135500,550600,2242200,266000,231600,2155100,28252600,--
2018,齐鲁银行股份有限公司,619000,26226700,24158700,93200,538200,2068000,253000,215100,1946600,24789500,2300
2017,齐鲁银行股份有限公司,535100,23352300,21527100,109800,475900,1825100,235100,201800,1550700,21973400,2300
2019,广东华兴银行股份有限公司,587400,23314100,21745400,109900,554500,1568600,230400,203500,1474400,21495400,--
2018,广东华兴银行股份有限公司,--,19676800,18296700,86100,382000,1380100,172900,150700,1285200,17458200,--
2017,广东华兴银行股份有限公司,--,15239700,14049400,70300,273800,1190200,154800,123300,904100,13763200,1500
2019,新浦化学（泰兴）有限公司,756000,816700,344200,51600,749200,472500,129100,98600,438600,781100,1200
2018,新浦化学（泰兴）有限公司,818500,745600,340900,61600,817900,404600,97600,73400,386700,720700,1300
2017,新浦化学（泰兴）有限公司,788500,695800,327000,57600,788300,368800,102700,77300,335900,660000,1300
2019,威海海林商业管理有限公司,0,0,0,0,0,0,0,0,0,0,--
2018,威海海林商业管理有限公司,0,0,0,0,0,0,0,0,0,0,0
2017,威海海林商业管理有限公司,0,0,0,0,0,0,0,0,0,2100,0
2019,广东快旅网络科技有限公司,--,--,--,--,--,--,--,--,--,--,--
2018,广东快旅网络科技有限公司,--,--,--,--,--,--,--,--,--,--,--
2017,广东快旅网络科技有限公司,--,--,--,--,--,--,--,--,--,--,--
2019,北京四联创业化工集团有限公司,960100,114200,93600,700,960100,20500,2800,2800,19100,109400,100
2018,北京四联创业化工集团有限公司,774600,104600,86900,800,774600,17700,2400,2400,14100,88000,100
2017,北京四联创业化工集团有限公司,624700,71300,60800,1800,624700,10500,-1400,-1500,11600,63800,100
2019,中石油海南销售有限公司,484600,159700,53700,15800,473200,106000,32900,25200,102300,160000,700
2018,中石油海南销售有限公司,441400,160400,61800,15600,430200,98500,27600,20500,93100,139900,800
2017,中石油海南销售有限公司,327200,119500,31700,10300,323500,87700,10300,7600,78800,108900,800
2019,广东瑞福来珠宝有限公司,0,1000,0,0,0,1000,0,0,1000,1000,--
2018,广东瑞福来珠宝有限公司,--,1000,0,0,0,1000,0,0,1000,1000,1
2017,广东瑞福来珠宝有限公司,--,1000,0,0,0,1000,0,0,900,1000,1
2019,南京扬子石化碧辟乙酰有限责任公司,105000,119000,48600,5100,105000,70300,7800,5900,67400,130100,--
2018,南京扬子石化碧辟乙酰有限责任公司,155300,141200,76700,10900,153400,64400,39800,29700,49600,127600,80
2017,南京扬子石化碧辟乙酰有限责任公司,118600,114000,79300,4400,118600,34700,10000,5800,21700,111900,78
2019,温州市豫光汽车贸易有限公司,--,--,--,--,--,--,--,--,--,--,--
2018,温州市豫光汽车贸易有限公司,--,--,--,--,--,--,--,--,--,--,--
2017,温州市豫光汽车贸易有限公司,--,--,--,--,--,--,--,--,--,--,--
2019,楚雄红塔村镇银行股份有限公司,8400,213900,191200,300,8400,22700,2100,1800,11300,107000,--
2018,楚雄红塔村镇银行股份有限公司,8800,100,100,500,8800,21,2,1,9800,114200,84
2017,楚雄红塔村镇银行股份有限公司,9700,228300,208600,40000,4700,19600,700,600,19500,234400,71
2019,阜新银行股份有限公司,209700,16674300,15623000,55300,206800,1051300,52800,40000,1142400,17206900,--
2018,阜新银行股份有限公司,235700,17739500,16505900,56800,231100,1233600,65500,56500,1216300,19660400,2100
2017,阜新银行股份有限公司,244500,21581400,20382400,38700,244300,1198900,107600,95000,1084000,18223000,2100
2019,茂名市恒荣塑料制品有限公司,30300,1300,1000,34,30300,200,30,30,200,1600,--
2018,茂名市恒荣塑料制品有限公司,39400,2000,1700,25,39400,200,32,32,200,1300,--
2017,茂名市恒荣塑料制品有限公司,45100,700,500,51,45100,200,23,22,200,700,0
2019,九江银行股份有限公司,966000,36335200,33799400,178200,727600,2535700,228200,188100,2447900,33748700,1000
2018,九江银行股份有限公司,792300,31162300,28802300,121300,556800,2359900,220100,178600,2062500,29143800,900
2017,九江银行股份有限公司,585500,27125400,25360300,102400,563900,1765100,223600,176100,1562500,24825800,900
2019,苏州千步五金交电有限公司,--,--,--,--,--,--,--,--,--,--,--
2018,苏州千步五金交电有限公司,--,--,--,--,--,--,--,--,--,--,--
2017,苏州千步五金交电有限公司,--,--,--,--,--,--,--,--,--,--,--
2019,朔州好望角休闲娱乐有限公司,--,--,--,--,--,--,--,--,--,--,--
2018,朔州好望角休闲娱乐有限公司,--,--,--,--,--,--,--,--,--,--,--
2017,朔州好望角休闲娱乐有限公司,--,--,--,--,--,--,--,--,--,--,--
2019,齐商银行股份有限公司,463700,12446200,11169700,42200,458400,1276500,72200,57400,1245900,11554300,--
2018,齐商银行股份有限公司,435800,10662500,9447200,44700,435000,1215300,64100,51700,1186400,10553300,2800
2017,齐商银行股份有限公司,447000,10444200,9286600,45400,446400,1157500,63200,47200,1150500,10304800,2700
2019,福建省福橡化工有限责任公司,3200,59700,159400,300,3200,-99600,-13700,-13600,-92800,62600,--
2018,福建省福橡化工有限责任公司,42700,65500,151500,400,42100,-85900,-15600,-21200,-75400,76300,56
2017,福建省福橡化工有限责任公司,93600,87100,151900,400,93100,-64800,-32500,-36600,-46500,101200,200
2019,鄂尔多斯农村商业银行股份有限公司,62600,3612400,3188900,3600,60500,423500,-47600,-47600,447400,3526500,--
2018,鄂尔多斯农村商业银行股份有限公司,113200,3440500,2969200,13100,100800,471200,-14200,-14200,477400,3469800,700
2017,鄂尔多斯农村商业银行股份有限公司,196800,3499100,3015400,20000,153700,483600,34200,31400,470100,4429900,--
2019,四川乐家智联科技有限公司,--,--,--,--,--,--,--,--,--,--,--
2018,四川乐家智联科技有限公司,--,--,--,--,--,--,--,--,--,--,--
2017,四川乐家智联科技有限公司,--,--,--,--,--,--,--,--,--,--,--
2019,苏州润泰燃料有限公司,--,--,--,--,--,--,--,--,--,--,--
2018,苏州润泰燃料有限公司,--,--,--,--,--,--,--,--,--,--,--
2017,苏州润泰燃料有限公司,--,--,--,--,--,--,--,--,--,--,--
2019,西安坤和电子科技有限公司,17400,26200,23900,34,17400,26200,-1000,-1000,2200,26200,0
2018,西安坤和电子科技有限公司,17400,26200,23900,34,17400,2200,-1000,-1000,600,22100,--
2017,西安坤和电子科技有限公司,21000,18100,18900,41,21000,-800,-1200,-1200,-500,15200,13
2019,神木市祥鼎能源有限公司,9100,2200,700,41,9100,1400,32,32,1700,2100,0
2018,神木市祥鼎能源有限公司,13500,1900,72,82,13500,1900,-100,-100,1900,1900,0
2017,神木市祥鼎能源有限公司,18800,1900,72,78,18800,1900,-7,-7,1800,2600,0
2019,天津娃哈哈宏振食品饮料贸易有限公司,634900,114100,107400,1900,634900,6700,6900,5200,6400,125000,--
2018,天津娃哈哈宏振食品饮料贸易有限公司,704300,136000,129800,3100,704300,6200,6200,4600,3900,114000,--
2017,天津娃哈哈宏振食品饮料贸易有限公司,657000,92000,90500,3200,657000,1500,6800,5100,1500,112300,9
2019,永州农村商业银行股份有限公司,93000,1818600,1703000,6000,78700,115600,600,46,122000,1799400,--
2018,永州农村商业银行股份有限公司,98400,1780200,1651800,11200,97400,128400,13100,6100,125300,1775500,100
2017,永州农村商业银行股份有限公司,103100,1770800,1648600,16700,84700,122200,25900,16100,114800,1628000,100
2019,陕西秦农农村商业银行股份有限公司,455200,18008800,16597500,62900,455200,1411200,153100,126100,1372100,17765600,--
2018,陕西秦农农村商业银行股份有限公司,476100,17522500,16189500,45800,151500,1333000,104800,92400,1314500,16743500,5400
2017,陕西秦农农村商业银行股份有限公司,358500,15964500,14668400,58000,357800,1296100,193900,166000,1208500,13722300,3200
2019,中阳县益锦焦化有限公司,--,--,--,--,--,--,--,--,--,--,--
2018,中阳县益锦焦化有限公司,--,--,--,--,--,--,--,--,--,--,--
2017,中阳县益锦焦化有限公司,--,--,--,--,--,--,--,--,--,--,--
